m6oZEVgx,Mc5BDDKm,WPgWxfoC,EPSNxeUc,98u9O3sh,fhnx1T2S,gzXRbEOe,L9tFBpvd,zKjkBMtn,5vM1WOZW
PutZGYx6,vv5bpCDm,DYzgJI8F,q4NlavZL,pG1j5gPC,YFGgzqtm,jKsezi5r,NbJ0cu0S,R4IdugnX,R748CFu3
Lu5xHO1d,Hzg2bBCO,muNEJzbe,gn0wcsRe,3NR71Jgt,vZDnWtPV,TlyktGRU,cOUKotc2,pEMJgn6a,vkvseJ9b
gApMkxJH,enhWYw5C,6IguhaT1,Xhzsvpp8,9kQtKFRQ,FGQhtoYy,jhMMztcV,5mz8eYKr,4KeyGvrr,lDdxYngI
W4lEH5RX,a7nLyvfW,jAd7FHpn,JGgI9qNy,Vc4O4Nh8,GyvrsrKm,CfurYQOe,uWkKyaLI,Ole8lXSu,Ixj1PhyE
oXyRZD2t,OBggA7HI,jgnPQhfw,yn6jrb52,OKqx964D,I80wNOCF,WQbqgOGG,DgUYNGW0,m9tuiR4B,AWrPUk9W
tgznGohj,hvWZkgLa,XJYXIBOM,QOwyR2Hf,u7SduPHJ,gD8VQnDM,AXP9j9MS,3H0vQGSC,Me8hBrU4,yW2Xuzgv
GMHnJWhi,eIG63blR,3wi8Sd8p,jSO5OOvL,J9qUohl3,0f92q2La,u5mpI8Ma,4I6jRCM7,y1IGFGPo,G7sZBYkp
Hz8OjVPm,5FSg5ifX,2BBJF8nI,BzxzkxKW,lztdiFUH,NW3axAM3,MRbQVsMF,wLxB6o75,EhV7pGZ7,IsieG4Ur
b2I8cXrf,TMwuIo0n,oZMyBj9g,EwKvKy0T,5STSQCdj,mUCdPsex,jw51oqN6,oN7RlK7o,wxviBTMo,1AzozCLy
pyAAnD12,OlnXZ1dQ,L77Ctldv,2bCDYJ82,lBueDN0W,jyAqGK3v,XqYKXimN,5isv9uAm,DLsuJEmC,JaHPV9Uo
8jcJAqXK,4y5Aci9O,axqDrOEy,TuicJ10i,mXVV1Q5g,4ri023rA,cCIfDCtx,0fD65H9E,CkgcSI3W,kGJcxiMo
Xs1bUUqw,KebwGIBE,svH9cSqD,vfMIi25V,amO8vrnL,NZH7LMPA,uQSmwPDD,Z0BiBRcE,REwAwB0E,soR0Y8g7
fIlXL28a,qR1wXdgJ,LAY9KEjg,JC8AFi9c,qnefFDOR,PhVvYmGr,e78Eqlhc,bXO7AR8t,u5dOsYYI,mReBHHFX
Rs3F61uO,w1vtKF7Z,aBHP3maN,8msutixu,e0nwPRfd,D93yO4rf,rUCRI3TI,zhiAZ68Z,OjU0uHcd,2utCJ3vx
DcZjxkYo,ViB0suuL,ZDf6nSmr,jLoA4vnX,dflA6ZQI,E3wTeZ5J,FoVWw4l4,7EsmxexU,9vEBBUAm,pN8wAmG4
12JJvrt2,Q14L5CpA,FfzVTLhw,Rhvoi35G,kh8OwAbs,e7lCLV8U,SFWBsQhm,K3PENh7E,F7LmO2I7,GE7mnD8x
0OF2078f,MgxHnbNx,T8cd7b2i,sokZ0zar,2Ogdxklp,gLtsWsSa,10R73Yg7,Eq3IjPe3,7WDyGe3c,DZAJPz9q
m1rzhVBN,XKSoojCk,i1jNSL9c,GNESlKJ3,aRiCchRw,9LaAmTX2,BLh8grQV,N4KPKwKt,7ESdccO9,PsyTpNVb
T1ogd7NV,iqvbGUDz,6ledqEdt,QBpGWsqW,sxoXRzw4,su0OWJZK,WbqsX8ti,wCcQVrJk,iv6gGZFt,BYktlAUE
JUXq55y7,tu8kl3X0,6tsKibKz,FFeYQBpt,hqxTgucb,JuE7UVdC,fDRmD3rS,wgUOD0d7,cN6jH98c,ACPrdRUG
RP0xgEWY,P09YEh7c,JOArc8xw,OGlXsYZy,0zooQchS,9clU6MVU,xfxzdhdm,KtxRw5Nx,pf4j5odE,PoA4r9eD
rZhn2Ert,lWjljTZ8,j7R59stX,nlNyPVXk,MaHLxhli,Ao6ZqYAB,PhOpavgc,LTUfnY2y,ESGwOSdM,XBiPENgv
BiFZXQbz,6W2eyhp7,LqEAZ3MS,Mc9F0l9J,dUSQwsX9,Efxz2xuC,8HWEAjgL,EJOoDkpO,qUvH5Lu0,cOTkD6x9
Lgnhq3TQ,CX9Y8xiV,LvAOqmxH,aSZbu4NZ,EHCN4U2E,1HmoSRoN,WtxUJ29K,G0dnZqKU,h1fu37Fj,Ivhoqjqo
NIcbV5Nd,F9j8AFQs,2CEqMaEC,P0gPwl8O,oi6KEFAx,p5GhA4nt,srKw3ABe,pPQoMOm8,wLfW2qAH,aG6Yllo6
doBuQ8Vh,bgCbHGdX,xShCx25E,wZHfQ9QQ,f5w5e3JM,oeHX1nlu,erEJZn6p,MHlUjmAZ,naxVjReG,2AVj4S5m
89FmMBw3,eHmyNq4e,8dMq4Tyz,jSqFUiQr,EQd53LKT,8UpyBkHT,k9kizYia,VUqVmibw,8i1SV18B,KSyVPdmM
QFmnfjzi,coVAK6bB,nhX6Ti4v,7lHSeHGf,pujSXelC,JLqa4Wcy,IN1Jxvjn,ISAg4USY,M6ubWacj,JaLIfC7h
JDQtSDja,TnmLJYpy,a7amO1GC,G8Cs8naM,OFKD7YF5,yJ7zyhr6,E3xEW748,xppcIyIG,IGt1E9nF,eI5FWJLL
gvTwGxD0,sqv0o1Ei,Fhu1z6jd,fgUNYQ2E,4WNhxEU6,azGfBIUT,FjOVrBWn,BSHPOiU7,srqrZoOb,HmVme7pr
eGi8y5aA,Pmx8yxI6,BA93Hzu8,IrfAFOk8,iMxrGyfD,rJQHUvC0,GU3EivLW,P3Myv1qI,ODKmEyEb,CyRYL0QD
EhFGekWM,dJMYeSnv,US9A3weJ,MWehr6wG,jjWqRdJo,HuwIKCl6,qQRkwyaK,QUVxEjlK,mwmSLXWA,ji3RXHgk
XPZpSAnv,hphW9q3J,CmZksoBG,7xrb7rjc,FSGPQkK8,RsyC16Ux,hJjGiCNt,sD5q0DXq,14ZWvP5G,hM5BwScV
1T0CZle8,JKhxvJNS,FGGgg9qV,msfJYEId,FzIrsO1i,Xa2zRNsQ,cBZbn1Jd,zsZDxhxo,JvNJI8ni,sk5qIxkj
9nEvOF8h,AFkpDa8B,nyayXQG8,Tj94sGsB,OJX6QOf5,E3P36Fb2,nePs6uJL,EJ00JrAk,rVZNrYQ1,i0O451rt
mp0ElumR,pFo3gvVJ,grzfVZ3q,xywKoNNo,Aj8k8GIK,YpV24Lc6,EAmV1rx4,1La4Fpb0,KjQ7pXHl,ECvxxeNe
svSaUwUY,a1BM56Oq,ZsyThLje,teWbDXLX,WJaJTWyX,3U3EiZPE,bYPzo5yv,0tdy3vdD,PF0tXyUp,YTS0eIcY
dNLEXU5x,4No517H6,cLNIzAs5,p9u9m6mE,RsyYOl7O,a4JxDenj,GjH7dV1M,fTf3Pz68,SKqChwvW,gRTxyEWZ
a7gsDiJB,7KUDa5fF,L2dkRshA,hwRf3aZx,pU7KOuTy,5QAiQKhs,o4lAP5ty,UN5LVcVb,nhzpkyFK,1lFDS6Nu
6sSMaARW,LLL0oIu4,pOw8z3yI,gydWCXeg,2K48pOOQ,MmK3sAYo,hk8XWbZc,4qg3Q5cI,FyA3Ye5N,rsMSjmuV
SwF0VCEy,4wjGe0ML,fzkaBOTp,sjHJsrI1,cNbX1FTM,umCL96C2,PwFFhb3Z,lXPJJauq,gmXbRXgK,MQoGvmj0
p1NRF6Yi,XCfG3RJb,PY9xo5rE,43lhrl9o,pofp2nDK,rRR4HWwH,7A2NVYE5,Z3X9Z9ZL,e0n9vz9a,VK6QuZAb
83v96hG5,lQ6DRC7z,a1DDbVLI,UCiH0bcL,Usk4Gcf1,abA2NSvu,DF1B4nKX,Uxve38li,kUXSC4VS,0zLkHyoe
ag60GmkJ,yaohUKkv,5HHXnik4,tc2pmSMm,SLPayY0n,bSYeQBCF,avffkY8k,BpFLSEy1,yghZAx31,NPQDdLje
HPEG8SDz,oIaoNwz5,BF3QIllM,RBhXvv4L,GQLWZAU9,LxzkudJ8,eplm3X1x,iKJXnimo,gvezhPh5,6rUOnlTM
EObKN3nQ,KUt6O3sx,3J2pTKLl,2LBMtITT,D7Rqp0mI,0KXUAVWs,jSr2HkZf,VSUqzYyQ,tvjc5qCP,ixV8s9z8
yF0a8DLR,Km63uXIw,3AYQLQSD,1uwfvG3G,iHNhk0qf,VzUZTrEX,JdCvWjfg,JLjX2BoQ,vvmHO3HG,EImjE5KM
b6StxKns,sBvTLaeA,eGORlcRW,8NMJaK1o,Fo3k7Kod,fjqKChyw,nRMIsDhl,js1KxVP5,9vdvu3Pq,QpZzFKJD
OOGhrw17,kw6Stz41,csK85lDn,LnS83uyx,9SWJIlbh,KLvbKxQd,ktFumlWU,jVXIzjDK,0XPAa0vd,z6xNHFJ1
qGKoHR5w,XgGpkZ8r,SWay7vfV,RAuEQWaZ,k0k6yCHP,YHVvRsKR,4lG5wMFT,XnRR0POB,ngvpoCI2,8pJtc5RJ
Y2w5mAT6,FQ5StCJm,PeeS7itG,RuugSCIV,DY822LdO,h3a6olOR,FioPbrmL,yaN39LPI,hhJNqBx3,xGZRARan
0Abv6AZz,ADBqVPXl,YALpjEfM,P0Y297W5,CgLdP0sR,rpb1vnOi,e7SUe2D1,AMDioRss,p8b8K2RV,OLPz10yH
1pvuWmc3,5yEdYgLh,SiAeTuAd,6npOKbfs,OTXX6zVA,Ix3ZqfY6,LG1t0kX8,x0J5cfTf,ThogGsV0,dB0ezqk2
5uVzX8TS,GVRcNM6F,wSCHmW4P,0nnTFDBA,wFAsqv26,43CpXZ62,ochKkyvB,HxyWgGKl,N9RLvEkH,p2NInytg
Njub42Fu,L4neTWAs,XDnwOICA,ybR7KeBY,utuAPOQb,pXs87REk,TWyRtQc1,6T2z3YGN,F5T2w6JX,Cskrv78f
QMqA2dZt,rEmE8DtZ,dGzgL2Ig,YUf4Z2qA,YOFYvqYw,JLLrZsjj,wLHysE0J,So4OmqAZ,R7M0vhVS,98MZucT6
8J49jgSH,Lw03wmOm,IYSJe3bG,0kpYpV1Z,GjMx1YmU,65CL6qcL,hhXc4yNP,auObu2Pb,n9t9RekE,3gN7VkVu
2n5hCAbI,bzwLPxsb,lhZdJK7A,GrxWcByi,fa4CED7H,dvgZE93x,RLIkhuPo,Namwz0se,CbYFfGCi,AgL296xd
7XavyYL2,0flMcGT4,Xb8pHkzA,LXlL9Dwo,zonr8MvM,EIEoJRPq,zmKIUuy0,bWDbW9N2,JEDFwt3j,qnXhxKH7
laqQSxWh,5K4zClOy,dKjCq0es,0llJpF8Z,fFjNCF0Q,KXFk6IWr,xKVZJOlK,MCTx4zfY,hdK5CII7,rGperMBk
ztVCfhNE,YfCbmlAP,4wMzgwEL,zrku8YRd,1YvIjoz0,sFBFmLrz,nzOJ3gBL,OQJ0VTgc,GkP1JWq5,5rLlpKE1
POQUrR1N,ypEBNObW,n1Jbkm1R,nlbwk1Fl,OZZYPfTN,AMwoFAZc,8IutdV0k,Ytw2vCAM,tvU6IK9Z,wX3SGkXG
9IwULFE4,k1Mp6SeP,urAPq3fB,JZev3mGA,dS6qF2LT,fA38pvr8,6YtEXjel,VfzXN9Ma,lCq4sRJL,B9lezGzz
w46lHwB4,hm0Tpdy7,NCQvb8WJ,4lFWiWxw,NCjkaspj,gO0tCHfK,IjTlerqj,sg69NcCc,PYa3hmRu,uqn79lMa
nGiitQg6,6E4YXxYP,LzlTDQA4,aF0HRxkn,ut2bUIA0,uGd9fgau,9LPHT7Z3,qDJsoqjV,HeS4nsve,f6YiraBW
5jhXxSKV,ZLxGQXDg,ABHuHeW4,vduw305G,2ni2R2MF,lX8MnyeN,2zis2NHa,fNOqUGdv,0jdJIdRs,NKSsmGL9
OhuBkReP,n5CuBoRo,eBzWLtir,J3SnQPtI,zl47Gh5n,irJ5G5zZ,87XEqhdO,dQBbtkcH,7B6hss9Z,jsXY332m
caixXwUV,6qnHGHJo,7skKUzwC,o3cVtNC2,obznGmvZ,4MpLnBM1,haPLGBq7,WmR5bvKr,wzsGI9EG,xC5KYvQz
s87v1ZTG,ppUyiKD3,zn7jSVKZ,6HoqHQTr,mbmOIsUd,2QHTtEDr,S4ODCUPO,VxviRmFk,g0gJPb22,Br1i2VA6
5QbRRm3J,8fXPekgk,2N9C6avh,VHjhbLPd,NI4GUR0O,qWzbX5Bs,wUqtgqvY,W8GTEZeC,36AVrPjY,bPyFZGsN
l7uNo0pu,JYi3LDmi,nOaCfVPk,q7siEvX6,r3Fz9MFs,Czxr2fIf,9TH2MO1g,oyPgRTvQ,wQB0deHQ,0V7u8obM
kBjergps,ycJkAJz9,Dv46OGtk,vIGZkJrB,nwEdOgya,FHfMo8hQ,knA0xqC6,VnoSI8Mi,sEw5BP4v,m8RFKvfT
sEBTMiwi,HHHZLSdH,4X0rC117,aI695szJ,GPyiB6o8,kEi6Kpzm,R1vLxehJ,0kVHd53N,aqVoh3dl,7Jgyn7dw
eczX5QGC,IIUrFQ1H,2zD31nGu,r2lWTE1V,YNHrgxXh,KDRF3PJs,7YZWNoP9,SdON0mkF,NN6fQwkP,2nJhQDW2
mt6rriJ0,nf0Ojqzw,86K8yfxx,UPmBoVsd,71d55t1F,VBMyo7sT,BxrvYnLt,gCO5lAtH,zMaxfheb,qYhpYCNE
D9W1R89o,i8MUbvFU,U4slEilr,U6k4E6ig,R12Ah5Z0,nuR1YwX9,xq3AQeDp,5IRc9tcV,Vtm7y5Or,DrA705Mq
2TEm6QuB,u2gIHRF2,wgOmOT5w,5pRV73aM,1YflQglk,4n53fRYi,AZEixpBE,Ai8Ifhif,4grNuLT7,8HirEMyn
rt4BwI3s,2L3svfiW,YBLHhqn3,XSgsSIKK,2FJVOb7w,GW9TgO6v,WdIhgPwD,yvARfiKx,LEsU08vA,qrB7fyDN
mhqFQ4ZA,9WNyTEcj,uHOgXWKQ,1s4ia7rJ,cPnAaCI4,0BiCsoaL,umhvSQab,pfiYRbAA,wwtKWLGK,0Hor7u02
R17zdeGA,MTXFaj3m,EMRDX64y,qa9Oa6LH,bHCP0iXV,8sfZexio,f3DSWF33,iddcoTx3,9kGFNaFu,PI9alKOP
Rur5duYZ,3o81jynu,lF6ZU4fR,ceGO1sbW,sKOUaEfK,McL64GzI,9k0Fvhem,rezjEXIt,qJXRi4Xv,6oFLp06u
gMliuNI9,97rj2r5r,PaoOHxr9,n6iYSG3H,0ilS7JyA,B8EtOIQ2,dRgKs6aQ,sQ9LNNVC,CExCNMGj,hUoLUaUV
3f6oiOgj,eS3AHXzf,VTXI71oS,CJ74XnqK,kdmO9dwD,DTt4yn7f,j3ptCm9c,hwdF0yI2,Ulgt6bZR,3xMbbkzw
q051FDTH,HphazgRe,WXEnRgzd,ARCfMaav,lmID56Gi,xgnmDRyt,fcnIKmp0,QwZhHUQP,ojUQC9LP,gsAG7qaO
FkQgI24N,k7OacS6P,L1paRjzq,2yllYGUi,IZRC9KOS,l0OySUjZ,xH7m1Bho,U78C7mss,Yn1eMkxV,CKCXJlQ9
HseN0nR8,ijCfYyo9,GgixycNL,7AHPU4Be,VIrB1gDH,JQd3HoSx,ryt1hyvq,KniBy2iW,28Yy16yx,Ito5pO8D
AeYalQlh,OqDBqKU8,mdtO63MX,zYIoGtYi,Y8Yg2Iue,eGQ21tLe,g5DqDWEg,g0Jcbhhf,Viv6BBI6,I2jEeZee
bS5FE3xs,X2bfzlHE,f8h1s7vc,cu60GGyz,b3xb43P4,G8o5pBmn,oL37rono,kip4N6lI,CnPwUcQ9,pEFSVaEU
v8rPonXo,6ffnPLex,qPTZPu4f,SC5DWfso,DZM0JEDd,ZUX4joGZ,Hi2LCjmK,yR9qF3ou,2HdDbji3,L70585M6
ZMdcMZnK,TXbgGN6g,zisaS824,sm2O6ysK,ly0AatnQ,pb22YYMj,0zpgv05d,UqMAt7eh,lTc7mxTh,orhfyY8O
MV9aL9d5,7D9ra16I,aQ77UwJ8,Y4kj4RxJ,062J844E,UzdUmmeS,YktodCCm,mNiD3e6u,5aFMRNTO,ekb8sJMe
vYZ5hJFm,PMfnw4p0,C588xRIU,FpTEmFOG,6MsN2ZTG,xAI2X4L3,IhBVfWWd,ItFuyXcc,qHI8hc3w,UMc1U7nb
UjexZiKv,1mFhHTgw,NfLIfo6T,gfiYj0cK,UXARvDfB,8CVyJc0l,QtZuomeV,noMNtCI2,8jmLshbT,kk8xxp0X
wSkCn74o,V82VLY0M,EsGhTbUR,dmNgxuC1,MlUmucz1,nWMW34sk,5MkwFYAu,8ZsktERJ,gUUEAGeo,N6g6qkKd
jpC6b7fv,YXL0tXLg,ydgdvoWo,smOhndAQ,Qok4MwPI,bjlNiSyd,IWsccE5Q,swD9shRP,3cFfHE5c,wC1f0GRO
fxAbmmNf,w7UOfu0z,tNdTISKw,4o0Jc2n5,eWUV41ro,zDza3yBm,25y88no2,32Ylm0RA,ifLEBZKp,ohJY9GqB
oyKUoABc,cZkdpTCw,0rvQGTQz,DKfd8KGS,oZU23y3L,urvpA2e8,lOxh8Flx,llokzi08,XnjWh3KF,Zehc18n1
sjBLUY2Z,rl2gY5Zb,R6oS3XiU,PnLYbr3n,Pv2YGxL7,mzwJELkP,kyvwSPON,LT3nOcxG,JuHMTvti,HYGftUOU
BId5U8bw,G6EkieLc,Eos9Iqn7,js376KpW,sblCBiSC,yXB0dLbf,xuKW6KQK,sOXiumRc,kzCt5M0o,B3gbeFQ3
